currency,date_UTC,price_USD
BTC,2016-01-06T00:00:00Z,432.4
BTC,2016-01-07T00:00:00Z,431.331
BTC,2016-01-08T00:00:00Z,456.277
BTC,2016-01-09T00:00:00Z,454.515
BTC,2016-01-10T00:00:00Z,450.773
BTC,2016-01-11T00:00:00Z,447.15
BTC,2016-01-12T00:00:00Z,448.36
BTC,2016-01-13T00:00:00Z,446.052
BTC,2016-01-14T00:00:00Z,432.625
BTC,2016-01-15T00:00:00Z,430.148
BTC,2016-01-16T00:00:00Z,367.159
BTC,2016-01-17T00:00:00Z,382.674
BTC,2016-01-18T00:00:00Z,386.258
BTC,2016-01-19T00:00:00Z,385.092
BTC,2016-01-20T00:00:00Z,380.457
BTC,2016-01-21T00:00:00Z,416.499
BTC,2016-01-22T00:00:00Z,412.106
BTC,2016-01-23T00:00:00Z,377.708
BTC,2016-01-24T00:00:00Z,390.006
BTC,2016-01-25T00:00:00Z,402.854
BTC,2016-01-26T00:00:00Z,392.901
BTC,2016-01-27T00:00:00Z,395.411
BTC,2016-01-28T00:00:00Z,394.617
BTC,2016-01-29T00:00:00Z,379.105
BTC,2016-01-30T00:00:00Z,380.646
BTC,2016-01-31T00:00:00Z,376.979
BTC,2016-02-01T00:00:00Z,374.458
BTC,2016-02-02T00:00:00Z,370.756
BTC,2016-02-03T00:00:00Z,373.286
BTC,2016-02-04T00:00:00Z,367.573
BTC,2016-02-05T00:00:00Z,388.61
BTC,2016-02-06T00:00:00Z,385.815
BTC,2016-02-07T00:00:00Z,375.096
BTC,2016-02-08T00:00:00Z,375.459
BTC,2016-02-09T00:00:00Z,371.357
BTC,2016-02-10T00:00:00Z,373.906
BTC,2016-02-11T00:00:00Z,379.367
BTC,2016-02-12T00:00:00Z,376.543
BTC,2016-02-13T00:00:00Z,382.469
BTC,2016-02-14T00:00:00Z,389.904
BTC,2016-02-15T00:00:00Z,404.374
BTC,2016-02-16T00:00:00Z,398.44
BTC,2016-02-17T00:00:00Z,406.883
BTC,2016-02-18T00:00:00Z,418.534
BTC,2016-02-19T00:00:00Z,422.261
BTC,2016-02-20T00:00:00Z,419.23999
BTC,2016-02-21T00:00:00Z,440
BTC,2016-02-22T00:00:00Z,439.178
BTC,2016-02-23T00:00:00Z,437.633
BTC,2016-02-24T00:00:00Z,420.789
BTC,2016-02-25T00:00:00Z,423.64399
BTC,2016-02-26T00:00:00Z,422.901
BTC,2016-02-27T00:00:00Z,427.025
BTC,2016-02-28T00:00:00Z,431.92299
BTC,2016-02-29T00:00:00Z,432.38
BTC,2016-03-01T00:00:00Z,436.963
BTC,2016-03-02T00:00:00Z,432.159
BTC,2016-03-03T00:00:00Z,424.7
BTC,2016-03-04T00:00:00Z,420.202
BTC,2016-03-05T00:00:00Z,408.037
BTC,2016-03-06T00:00:00Z,400.941
BTC,2016-03-07T00:00:00Z,407.947
BTC,2016-03-08T00:00:00Z,413.612
BTC,2016-03-09T00:00:00Z,411.803
BTC,2016-03-10T00:00:00Z,412.047
BTC,2016-03-11T00:00:00Z,416.051
BTC,2016-03-12T00:00:00Z,419.515
BTC,2016-03-13T00:00:00Z,410.856
BTC,2016-03-14T00:00:00Z,412.291
BTC,2016-03-15T00:00:00Z,415.091
BTC,2016-03-16T00:00:00Z,415.383
BTC,2016-03-17T00:00:00Z,416.253
BTC,2016-03-18T00:00:00Z,418.452
BTC,2016-03-19T00:00:00Z,408.036
BTC,2016-03-20T00:00:00Z,408.52
BTC,2016-03-21T00:00:00Z,410.751
BTC,2016-03-22T00:00:00Z,411.42299
BTC,2016-03-23T00:00:00Z,416.926
BTC,2016-03-24T00:00:00Z,417.386
BTC,2016-03-25T00:00:00Z,414.341
BTC,2016-03-26T00:00:00Z,415.687
BTC,2016-03-27T00:00:00Z,416.73
BTC,2016-03-28T00:00:00Z,425.378
BTC,2016-03-29T00:00:00Z,422.756
BTC,2016-03-30T00:00:00Z,415.553
BTC,2016-03-31T00:00:00Z,412.68999
BTC,2016-04-01T00:00:00Z,415.16099
BTC,2016-04-02T00:00:00Z,417.009
BTC,2016-04-03T00:00:00Z,419.686
BTC,2016-04-04T00:00:00Z,419.385
BTC,2016-04-05T00:00:00Z,419.416
BTC,2016-04-06T00:00:00Z,422.653
BTC,2016-04-07T00:00:00Z,421.7
BTC,2016-04-08T00:00:00Z,421.204
BTC,2016-04-09T00:00:00Z,418.089
BTC,2016-04-10T00:00:00Z,418.419
BTC,2016-04-11T00:00:00Z,421.111
BTC,2016-04-12T00:00:00Z,422.98999
BTC,2016-04-13T00:00:00Z,425.98999
BTC,2016-04-14T00:00:00Z,424.401
BTC,2016-04-15T00:00:00Z,425.106
BTC,2016-04-16T00:00:00Z,429.98
BTC,2016-04-17T00:00:00Z,430.837
BTC,2016-04-18T00:00:00Z,427.862
BTC,2016-04-19T00:00:00Z,429.054
BTC,2016-04-20T00:00:00Z,436.105
BTC,2016-04-21T00:00:00Z,442.156
BTC,2016-04-22T00:00:00Z,451.102
BTC,2016-04-23T00:00:00Z,447.636
BTC,2016-04-24T00:00:00Z,452.584
BTC,2016-04-25T00:00:00Z,460.327
BTC,2016-04-26T00:00:00Z,462.51
BTC,2016-04-27T00:00:00Z,467.803
BTC,2016-04-28T00:00:00Z,445.012
BTC,2016-04-29T00:00:00Z,449.856
BTC,2016-04-30T00:00:00Z,456.35
BTC,2016-05-01T00:00:00Z,449.333
BTC,2016-05-02T00:00:00Z,453.042
BTC,2016-05-03T00:00:00Z,444.513
BTC,2016-05-04T00:00:00Z,450.274
BTC,2016-05-05T00:00:00Z,446.962
BTC,2016-05-06T00:00:00Z,448.527
BTC,2016-05-07T00:00:00Z,460.374
BTC,2016-05-08T00:00:00Z,459.465
BTC,2016-05-09T00:00:00Z,459.437
BTC,2016-05-10T00:00:00Z,461.491
BTC,2016-05-11T00:00:00Z,450.987
BTC,2016-05-12T00:00:00Z,452.113
BTC,2016-05-13T00:00:00Z,454.818
BTC,2016-05-14T00:00:00Z,455.735
BTC,2016-05-15T00:00:00Z,455.753
BTC,2016-05-16T00:00:00Z,457.84799
BTC,2016-05-17T00:00:00Z,453.41
BTC,2016-05-18T00:00:00Z,452.746
BTC,2016-05-19T00:00:00Z,453.378
BTC,2016-05-20T00:00:00Z,436.729
BTC,2016-05-21T00:00:00Z,442.953
BTC,2016-05-22T00:00:00Z,443.135
BTC,2016-05-23T00:00:00Z,438.773
BTC,2016-05-24T00:00:00Z,443.734
BTC,2016-05-25T00:00:00Z,445.13
BTC,2016-05-26T00:00:00Z,449.234
BTC,2016-05-27T00:00:00Z,453.81899
BTC,2016-05-28T00:00:00Z,473.467
BTC,2016-05-29T00:00:00Z,525.433
BTC,2016-05-30T00:00:00Z,524.083
BTC,2016-05-31T00:00:00Z,532.586
BTC,2016-06-01T00:00:00Z,531.797
BTC,2016-06-02T00:00:00Z,536.424
BTC,2016-06-03T00:00:00Z,538.145
BTC,2016-06-04T00:00:00Z,570.471
BTC,2016-06-05T00:00:00Z,573.45
BTC,2016-06-06T00:00:00Z,574.106
BTC,2016-06-07T00:00:00Z,585.531
BTC,2016-06-08T00:00:00Z,577.856
BTC,2016-06-09T00:00:00Z,583.105
BTC,2016-06-10T00:00:00Z,576.45399
BTC,2016-06-11T00:00:00Z,579.131
BTC,2016-06-12T00:00:00Z,611.777
BTC,2016-06-13T00:00:00Z,675.343
BTC,2016-06-14T00:00:00Z,705.61899
BTC,2016-06-15T00:00:00Z,685.989
BTC,2016-06-16T00:00:00Z,696.323
BTC,2016-06-17T00:00:00Z,768.242
BTC,2016-06-18T00:00:00Z,747.554
BTC,2016-06-19T00:00:00Z,755.684
BTC,2016-06-20T00:00:00Z,764.045
BTC,2016-06-21T00:00:00Z,728.983
BTC,2016-06-22T00:00:00Z,665.876
BTC,2016-06-23T00:00:00Z,602.88699
BTC,2016-06-24T00:00:00Z,625.495
BTC,2016-06-25T00:00:00Z,665.162
BTC,2016-06-26T00:00:00Z,665.32899
BTC,2016-06-27T00:00:00Z,630.246
BTC,2016-06-28T00:00:00Z,658.399
BTC,2016-06-29T00:00:00Z,646.304
BTC,2016-06-30T00:00:00Z,639.082
BTC,2016-07-01T00:00:00Z,672.485
BTC,2016-07-02T00:00:00Z,676.52299
BTC,2016-07-03T00:00:00Z,703.68599
BTC,2016-07-04T00:00:00Z,659.688
BTC,2016-07-05T00:00:00Z,681.63
BTC,2016-07-06T00:00:00Z,668.092
BTC,2016-07-07T00:00:00Z,676.113
BTC,2016-07-08T00:00:00Z,639.761
BTC,2016-07-09T00:00:00Z,664.743
BTC,2016-07-10T00:00:00Z,650.627
BTC,2016-07-11T00:00:00Z,649.962
BTC,2016-07-12T00:00:00Z,649.027
BTC,2016-07-13T00:00:00Z,664.839
BTC,2016-07-14T00:00:00Z,653.934
BTC,2016-07-15T00:00:00Z,659.636
BTC,2016-07-16T00:00:00Z,664.876
BTC,2016-07-17T00:00:00Z,663.54099
BTC,2016-07-18T00:00:00Z,679.051
BTC,2016-07-19T00:00:00Z,673.594
BTC,2016-07-20T00:00:00Z,673.843
BTC,2016-07-21T00:00:00Z,666.18
BTC,2016-07-22T00:00:00Z,665.09899
BTC,2016-07-23T00:00:00Z,650.822
BTC,2016-07-24T00:00:00Z,654.862
BTC,2016-07-25T00:00:00Z,661.04999
BTC,2016-07-26T00:00:00Z,655.135
BTC,2016-07-27T00:00:00Z,651.077
BTC,2016-07-28T00:00:00Z,655.442
BTC,2016-07-29T00:00:00Z,655.627
BTC,2016-07-30T00:00:00Z,656.669
BTC,2016-07-31T00:00:00Z,654.976
BTC,2016-08-01T00:00:00Z,625.881
BTC,2016-08-02T00:00:00Z,607.374
BTC,2016-08-03T00:00:00Z,552.821
BTC,2016-08-04T00:00:00Z,565.26374
BTC,2016-08-05T00:00:00Z,578.32125
BTC,2016-08-06T00:00:00Z,574.95624
BTC,2016-08-07T00:00:00Z,588.4225
BTC,2016-08-08T00:00:00Z,592.78
BTC,2016-08-09T00:00:00Z,590.62249
BTC,2016-08-10T00:00:00Z,584.75875
BTC,2016-08-11T00:00:00Z,592.8925
BTC,2016-08-12T00:00:00Z,586.525
BTC,2016-08-13T00:00:00Z,586.02625
BTC,2016-08-14T00:00:00Z,585.08124
BTC,2016-08-15T00:00:00Z,571.865
BTC,2016-08-16T00:00:00Z,567.2025
BTC,2016-08-17T00:00:00Z,576.24875
BTC,2016-08-18T00:00:00Z,571.745
BTC,2016-08-19T00:00:00Z,572.5025
BTC,2016-08-20T00:00:00Z,573.66375
BTC,2016-08-21T00:00:00Z,580.7025
BTC,2016-08-22T00:00:00Z,580.69
BTC,2016-08-23T00:00:00Z,584.73249
BTC,2016-08-24T00:00:00Z,581.28125
BTC,2016-08-25T00:00:00Z,577.995
BTC,2016-08-26T00:00:00Z,575.73375
BTC,2016-08-27T00:00:00Z,578.15625
BTC,2016-08-28T00:00:00Z,568.66625
BTC,2016-08-29T00:00:00Z,573.55499
BTC,2016-08-30T00:00:00Z,572.36125
BTC,2016-08-31T00:00:00Z,575.99875
BTC,2016-09-01T00:00:00Z,572.33375
BTC,2016-09-02T00:00:00Z,571.69375
BTC,2016-09-03T00:00:00Z,574.1475
BTC,2016-09-04T00:00:00Z,598.38375
BTC,2016-09-05T00:00:00Z,608.9175
BTC,2016-09-06T00:00:00Z,606.0275
BTC,2016-09-07T00:00:00Z,611.07
BTC,2016-09-08T00:00:00Z,614.7875
BTC,2016-09-09T00:00:00Z,624.94875
BTC,2016-09-10T00:00:00Z,621.79625
BTC,2016-09-11T00:00:00Z,622.2125
BTC,2016-09-12T00:00:00Z,605.80875
BTC,2016-09-13T00:00:00Z,606.3075
BTC,2016-09-14T00:00:00Z,606.92125
BTC,2016-09-15T00:00:00Z,608.22
BTC,2016-09-16T00:00:00Z,605.21
BTC,2016-09-17T00:00:00Z,606.33375
BTC,2016-09-18T00:00:00Z,605.29375
BTC,2016-09-19T00:00:00Z,608.69875
BTC,2016-09-20T00:00:00Z,608.5275
BTC,2016-09-21T00:00:00Z,599.47375
BTC,2016-09-22T00:00:00Z,595.79875
BTC,2016-09-23T00:00:00Z,595.035
BTC,2016-09-24T00:00:00Z,601.71375
BTC,2016-09-25T00:00:00Z,601.34124
BTC,2016-09-26T00:00:00Z,599.17625
BTC,2016-09-27T00:00:00Z,606.8125
BTC,2016-09-28T00:00:00Z,604.7625
BTC,2016-09-29T00:00:00Z,603.51874
BTC,2016-09-30T00:00:00Z,605.05875
BTC,2016-10-01T00:00:00Z,608.4375
BTC,2016-10-02T00:00:00Z,613.93375
BTC,2016-10-03T00:00:00Z,610.29125
BTC,2016-10-04T00:00:00Z,612.3375
BTC,2016-10-05T00:00:00Z,609.375
BTC,2016-10-06T00:00:00Z,610.885
BTC,2016-10-07T00:00:00Z,610.9
BTC,2016-10-08T00:00:00Z,616.48875
BTC,2016-10-09T00:00:00Z,616.59625
BTC,2016-10-10T00:00:00Z,614.62375
BTC,2016-10-11T00:00:00Z,617.4225
BTC,2016-10-12T00:00:00Z,639.37375
BTC,2016-10-13T00:00:00Z,635.08124
BTC,2016-10-14T00:00:00Z,635.02
BTC,2016-10-15T00:00:00Z,638.36749
BTC,2016-10-16T00:00:00Z,637.37125
BTC,2016-10-17T00:00:00Z,639.8275
BTC,2016-10-18T00:00:00Z,636.91999
BTC,2016-10-19T00:00:00Z,635.50875
BTC,2016-10-20T00:00:00Z,628.15374
BTC,2016-10-21T00:00:00Z,628.62249
BTC,2016-10-22T00:00:00Z,630.15374
BTC,2016-10-23T00:00:00Z,652.715
BTC,2016-10-24T00:00:00Z,649.245
BTC,2016-10-25T00:00:00Z,648.39874
BTC,2016-10-26T00:00:00Z,652.895
BTC,2016-10-27T00:00:00Z,674.3575
BTC,2016-10-28T00:00:00Z,686.52
BTC,2016-10-29T00:00:00Z,688.09625
BTC,2016-10-30T00:00:00Z,712.87
BTC,2016-10-31T00:00:00Z,696.35375
BTC,2016-11-01T00:00:00Z,697.36875
BTC,2016-11-02T00:00:00Z,729.27125
BTC,2016-11-03T00:00:00Z,742.465
BTC,2016-11-04T00:00:00Z,687.5075
BTC,2016-11-05T00:00:00Z,702.5375
BTC,2016-11-06T00:00:00Z,704.16375
BTC,2016-11-07T00:00:00Z,713.57
BTC,2016-11-08T00:00:00Z,706.84875
BTC,2016-11-09T00:00:00Z,710.685
BTC,2016-11-10T00:00:00Z,720.36125
BTC,2016-11-11T00:00:00Z,711.43625
BTC,2016-11-12T00:00:00Z,715.19
BTC,2016-11-13T00:00:00Z,703.79625
BTC,2016-11-14T00:00:00Z,702.3975
BTC,2016-11-15T00:00:00Z,706.5825
BTC,2016-11-16T00:00:00Z,711.71375
BTC,2016-11-17T00:00:00Z,739.17375
BTC,2016-11-18T00:00:00Z,736.7325
BTC,2016-11-19T00:00:00Z,749.3
BTC,2016-11-20T00:00:00Z,750.18
BTC,2016-11-21T00:00:00Z,727.9275
BTC,2016-11-22T00:00:00Z,737.79375
BTC,2016-11-23T00:00:00Z,747.6075
BTC,2016-11-24T00:00:00Z,740.9075
BTC,2016-11-25T00:00:00Z,735.98125
BTC,2016-11-26T00:00:00Z,736.545
BTC,2016-11-27T00:00:00Z,732.90625
BTC,2016-11-28T00:00:00Z,729.80625
BTC,2016-11-29T00:00:00Z,731.44375
BTC,2016-11-30T00:00:00Z,731.365
BTC,2016-12-01T00:00:00Z,741.88875
BTC,2016-12-02T00:00:00Z,753.09875
BTC,2016-12-03T00:00:00Z,771.87
BTC,2016-12-04T00:00:00Z,764.52625
BTC,2016-12-05T00:00:00Z,763.9025
BTC,2016-12-06T00:00:00Z,753.36375
BTC,2016-12-07T00:00:00Z,758.93
BTC,2016-12-08T00:00:00Z,765.74625
BTC,2016-12-09T00:00:00Z,768.90625
BTC,2016-12-10T00:00:00Z,769.8425
BTC,2016-12-11T00:00:00Z,773.23125
BTC,2016-12-12T00:00:00Z,768.225
BTC,2016-12-13T00:00:00Z,778.06625
BTC,2016-12-14T00:00:00Z,778.895
BTC,2016-12-15T00:00:00Z,775.4925
BTC,2016-12-16T00:00:00Z,776.16375
BTC,2016-12-17T00:00:00Z,781.48375
BTC,2016-12-18T00:00:00Z,789.22875
BTC,2016-12-19T00:00:00Z,788.12625
BTC,2016-12-20T00:00:00Z,789.44125
BTC,2016-12-21T00:00:00Z,794.715
BTC,2016-12-22T00:00:00Z,825.78
BTC,2016-12-23T00:00:00Z,861.01375
BTC,2016-12-24T00:00:00Z,917.76
BTC,2016-12-25T00:00:00Z,895.59875
BTC,2016-12-26T00:00:00Z,892.42
BTC,2016-12-27T00:00:00Z,900.7575
BTC,2016-12-28T00:00:00Z,928.6675
BTC,2016-12-29T00:00:00Z,972.735
BTC,2016-12-30T00:00:00Z,966.8925
BTC,2016-12-31T00:00:00Z,959.81625
BTC,2017-01-01T00:00:00Z,965.5975
BTC,2017-01-02T00:00:00Z,1002.5525
BTC,2017-01-03T00:00:00Z,1019.09
BTC,2017-01-04T00:00:00Z,1027.07375
BTC,2017-01-05T00:00:00Z,1137.14
BTC,2017-01-06T00:00:00Z,1011.24875
BTC,2017-01-07T00:00:00Z,889.5225
BTC,2017-01-08T00:00:00Z,896.75375
BTC,2017-01-09T00:00:00Z,912.5175
BTC,2017-01-10T00:00:00Z,899.6325
BTC,2017-01-11T00:00:00Z,906.97875
BTC,2017-01-12T00:00:00Z,783.81875
BTC,2017-01-13T00:00:00Z,813.09125
BTC,2017-01-14T00:00:00Z,822.84125
BTC,2017-01-15T00:00:00Z,813.9575
BTC,2017-01-16T00:00:00Z,817.7075
BTC,2017-01-17T00:00:00Z,829.195
BTC,2017-01-18T00:00:00Z,904.8775
BTC,2017-01-19T00:00:00Z,873.06
BTC,2017-01-20T00:00:00Z,893.74625
BTC,2017-01-21T00:00:00Z,892.18875
BTC,2017-01-22T00:00:00Z,920.15875
BTC,2017-01-23T00:00:00Z,919.505
BTC,2017-01-24T00:00:00Z,920.79625
BTC,2017-01-25T00:00:00Z,888.7775
BTC,2017-01-26T00:00:00Z,893.56375
BTC,2017-01-27T00:00:00Z,915.97625
BTC,2017-01-28T00:00:00Z,919.43
BTC,2017-01-29T00:00:00Z,920.11625
BTC,2017-01-30T00:00:00Z,914.8825
BTC,2017-01-31T00:00:00Z,921.13625
BTC,2017-02-01T00:00:00Z,967.0275
BTC,2017-02-02T00:00:00Z,985.36625
BTC,2017-02-03T00:00:00Z,1007.69
BTC,2017-02-04T00:00:00Z,1014.99125
BTC,2017-02-05T00:00:00Z,1032.60375
BTC,2017-02-06T00:00:00Z,1013.6475
BTC,2017-02-07T00:00:00Z,1025.62625
BTC,2017-02-08T00:00:00Z,1051.73
BTC,2017-02-09T00:00:00Z,1057.47499
BTC,2017-02-10T00:00:00Z,980.69125
BTC,2017-02-11T00:00:00Z,999.225
BTC,2017-02-12T00:00:00Z,1011.44125
BTC,2017-02-13T00:00:00Z,1000.7225
BTC,2017-02-14T00:00:00Z,998.3475
BTC,2017-02-15T00:00:00Z,1010.05875
BTC,2017-02-16T00:00:00Z,1010.08
BTC,2017-02-17T00:00:00Z,1033.0925
BTC,2017-02-18T00:00:00Z,1057.01375
BTC,2017-02-19T00:00:00Z,1057.5175
BTC,2017-02-20T00:00:00Z,1054.61375
BTC,2017-02-21T00:00:00Z,1061.03125
BTC,2017-02-22T00:00:00Z,1123.26624
BTC,2017-02-23T00:00:00Z,1122.2825
BTC,2017-02-24T00:00:00Z,1175.93799
BTC,2017-02-25T00:00:00Z,1180.599
BTC,2017-02-26T00:00:00Z,1152.64899
BTC,2017-02-27T00:00:00Z,1177.708
BTC,2017-02-28T00:00:00Z,1190.026
BTC,2017-03-01T00:00:00Z,1192.628
BTC,2017-03-02T00:00:00Z,1226.518
BTC,2017-03-03T00:00:00Z,1263.227
BTC,2017-03-04T00:00:00Z,1287.085
BTC,2017-03-05T00:00:00Z,1268.181
BTC,2017-03-06T00:00:00Z,1276.444
BTC,2017-03-07T00:00:00Z,1279.652
BTC,2017-03-08T00:00:00Z,1230.231
BTC,2017-03-09T00:00:00Z,1169.298
BTC,2017-03-10T00:00:00Z,1189.002
BTC,2017-03-11T00:00:00Z,1093.492
BTC,2017-03-12T00:00:00Z,1178.78299
BTC,2017-03-13T00:00:00Z,1229.50499
BTC,2017-03-14T00:00:00Z,1243.242
BTC,2017-03-15T00:00:00Z,1246.309
BTC,2017-03-16T00:00:00Z,1259.601
BTC,2017-03-17T00:00:00Z,1172.909
BTC,2017-03-18T00:00:00Z,1070.128
BTC,2017-03-19T00:00:00Z,970.598
BTC,2017-03-20T00:00:00Z,1017.8
BTC,2017-03-21T00:00:00Z,1041.343
BTC,2017-03-22T00:00:00Z,1115.039
BTC,2017-03-23T00:00:00Z,1037.44
BTC,2017-03-24T00:00:00Z,1029.95
BTC,2017-03-25T00:00:00Z,935.94599
BTC,2017-03-26T00:00:00Z,964.692
BTC,2017-03-27T00:00:00Z,965.229
BTC,2017-03-28T00:00:00Z,1040.491
BTC,2017-03-29T00:00:00Z,1044.251
BTC,2017-03-30T00:00:00Z,1040.392
BTC,2017-03-31T00:00:00Z,1037.527
BTC,2017-04-01T00:00:00Z,1079.748
BTC,2017-04-02T00:00:00Z,1089.511
BTC,2017-04-03T00:00:00Z,1098.776
BTC,2017-04-04T00:00:00Z,1147.63099
BTC,2017-04-05T00:00:00Z,1143.74599
BTC,2017-04-06T00:00:00Z,1134.998
BTC,2017-04-07T00:00:00Z,1190.597
BTC,2017-04-08T00:00:00Z,1193.019
BTC,2017-04-09T00:00:00Z,1184.824
BTC,2017-04-10T00:00:00Z,1210.05499
BTC,2017-04-11T00:00:00Z,1213.339
BTC,2017-04-12T00:00:00Z,1224.767
BTC,2017-04-13T00:00:00Z,1216.50499
BTC,2017-04-14T00:00:00Z,1178.53299
BTC,2017-04-15T00:00:00Z,1183.44
BTC,2017-04-16T00:00:00Z,1180.699
BTC,2017-04-17T00:00:00Z,1184.787
BTC,2017-04-18T00:00:00Z,1203.731
BTC,2017-04-19T00:00:00Z,1217.596
BTC,2017-04-20T00:00:00Z,1226.93899
BTC,2017-04-21T00:00:00Z,1255.403
BTC,2017-04-22T00:00:00Z,1257.135
BTC,2017-04-23T00:00:00Z,1244.375
BTC,2017-04-24T00:00:00Z,1248.2175
BTC,2017-04-25T00:00:00Z,1248.325
BTC,2017-04-26T00:00:00Z,1263.545
BTC,2017-04-27T00:00:00Z,1284.845
BTC,2017-04-28T00:00:00Z,1329.19
BTC,2017-04-29T00:00:00Z,1320.05125
BTC,2017-04-30T00:00:00Z,1327.03875
BTC,2017-05-01T00:00:00Z,1347.95875
BTC,2017-05-02T00:00:00Z,1402.08375
BTC,2017-05-03T00:00:00Z,1443.6825
BTC,2017-05-04T00:00:00Z,1491.99875
BTC,2017-05-05T00:00:00Z,1515.62875
BTC,2017-05-06T00:00:00Z,1512.39
BTC,2017-05-07T00:00:00Z,1548.28625
BTC,2017-05-08T00:00:00Z,1555.47125
BTC,2017-05-09T00:00:00Z,1639.3225
BTC,2017-05-10T00:00:00Z,1706.93125
BTC,2017-05-11T00:00:00Z,1756.8025
BTC,2017-05-12T00:00:00Z,1807.3725
BTC,2017-05-13T00:00:00Z,1676.99375
BTC,2017-05-14T00:00:00Z,1759.96125
BTC,2017-05-15T00:00:00Z,1772.41625
BTC,2017-05-16T00:00:00Z,1697.37875
BTC,2017-05-17T00:00:00Z,1718.20125
BTC,2017-05-18T00:00:00Z,1802.16375
BTC,2017-05-19T00:00:00Z,1887.32625
BTC,2017-05-20T00:00:00Z,1968.1025
BTC,2017-05-21T00:00:00Z,2051.735
BTC,2017-05-22T00:00:00Z,2055.61749
BTC,2017-05-23T00:00:00Z,2139.0275
BTC,2017-05-24T00:00:00Z,2291.4775
BTC,2017-05-25T00:00:00Z,2476.29625
BTC,2017-05-26T00:00:00Z,2357.50375
BTC,2017-05-27T00:00:00Z,2247.4825
BTC,2017-05-28T00:00:00Z,2106.3075
BTC,2017-05-29T00:00:00Z,2207.5775
BTC,2017-05-30T00:00:00Z,2289.87
BTC,2017-05-31T00:00:00Z,2197.23375
BTC,2017-06-01T00:00:00Z,2330.23375
BTC,2017-06-02T00:00:00Z,2452.18125
BTC,2017-06-03T00:00:00Z,2517.40875
BTC,2017-06-04T00:00:00Z,2555.65375
BTC,2017-06-05T00:00:00Z,2552.80875
BTC,2017-06-06T00:00:00Z,2736.595
BTC,2017-06-07T00:00:00Z,2914.0825
BTC,2017-06-08T00:00:00Z,2694.21875
BTC,2017-06-09T00:00:00Z,2825.03125
BTC,2017-06-10T00:00:00Z,2826.7
BTC,2017-06-11T00:00:00Z,2942.345
BTC,2017-06-12T00:00:00Z,3018.545
BTC,2017-06-13T00:00:00Z,2682.59499
BTC,2017-06-14T00:00:00Z,2738.93125
BTC,2017-06-15T00:00:00Z,2494.485
BTC,2017-06-16T00:00:00Z,2456.92375
BTC,2017-06-17T00:00:00Z,2528.1025
BTC,2017-06-18T00:00:00Z,2663.9975
BTC,2017-06-19T00:00:00Z,2576.17125
BTC,2017-06-20T00:00:00Z,2641.665
BTC,2017-06-21T00:00:00Z,2778.8275
BTC,2017-06-22T00:00:00Z,2712.4775
BTC,2017-06-23T00:00:00Z,2740.79
BTC,2017-06-24T00:00:00Z,2738.225
BTC,2017-06-25T00:00:00Z,2619.11875
BTC,2017-06-26T00:00:00Z,2594.45375
BTC,2017-06-27T00:00:00Z,2485.35875
BTC,2017-06-28T00:00:00Z,2593.17
BTC,2017-06-29T00:00:00Z,2584.56374
BTC,2017-06-30T00:00:00Z,2561.56125
BTC,2017-07-01T00:00:00Z,2499.98375
BTC,2017-07-02T00:00:00Z,2460.19999
BTC,2017-07-03T00:00:00Z,2534.79333
BTC,2017-07-04T00:00:00Z,2581.06625
BTC,2017-07-05T00:00:00Z,2625.07125
BTC,2017-07-06T00:00:00Z,2629.2725
BTC,2017-07-07T00:00:00Z,2619.1125
BTC,2017-07-08T00:00:00Z,2521.23625
BTC,2017-07-09T00:00:00Z,2579.93375
BTC,2017-07-10T00:00:00Z,2525.675
BTC,2017-07-11T00:00:00Z,2371.96
BTC,2017-07-12T00:00:00Z,2332.1875
BTC,2017-07-13T00:00:00Z,2423.16
BTC,2017-07-14T00:00:00Z,2364.51625
BTC,2017-07-15T00:00:00Z,2232.655
BTC,2017-07-16T00:00:00Z,1993.25875
BTC,2017-07-17T00:00:00Z,1938.9425
BTC,2017-07-18T00:00:00Z,2244.265
BTC,2017-07-19T00:00:00Z,2327.8975
BTC,2017-07-20T00:00:00Z,2294.405
BTC,2017-07-21T00:00:00Z,2877.38625
BTC,2017-07-22T00:00:00Z,2694.29125
BTC,2017-07-23T00:00:00Z,2838.81
BTC,2017-07-24T00:00:00Z,2762.62625
BTC,2017-07-25T00:00:00Z,2779.04375
BTC,2017-07-26T00:00:00Z,2591.21625
BTC,2017-07-27T00:00:00Z,2550.17999
BTC,2017-07-28T00:00:00Z,2697.4725
BTC,2017-07-29T00:00:00Z,2805.17875
BTC,2017-07-30T00:00:00Z,2720.08
BTC,2017-07-31T00:00:00Z,2746.32625
BTC,2017-08-01T00:00:00Z,2874.3125
BTC,2017-08-02T00:00:00Z,2735.5875
BTC,2017-08-03T00:00:00Z,2723.58
BTC,2017-08-04T00:00:00Z,2814.36125
BTC,2017-08-05T00:00:00Z,2883.68125
BTC,2017-08-06T00:00:00Z,3301.75875
BTC,2017-08-07T00:00:00Z,3255.0025
BTC,2017-08-08T00:00:00Z,3431.96875
BTC,2017-08-09T00:00:00Z,3453.1625
BTC,2017-08-10T00:00:00Z,3377.54375
BTC,2017-08-11T00:00:00Z,3445.28
BTC,2017-08-12T00:00:00Z,3679.6075
BTC,2017-08-13T00:00:00Z,3917.64875
BTC,2017-08-14T00:00:00Z,4111.19625
BTC,2017-08-15T00:00:00Z,4382.74125
BTC,2017-08-16T00:00:00Z,4204.43
BTC,2017-08-17T00:00:00Z,4425.29625
BTC,2017-08-18T00:00:00Z,4316.34
BTC,2017-08-19T00:00:00Z,4159.4575
BTC,2017-08-20T00:00:00Z,4206.13125
BTC,2017-08-21T00:00:00Z,4111.22
BTC,2017-08-22T00:00:00Z,4054.9425
BTC,2017-08-23T00:00:00Z,4137.67249
BTC,2017-08-24T00:00:00Z,4191.2175
BTC,2017-08-25T00:00:00Z,4362.475
BTC,2017-08-26T00:00:00Z,4408.32374
BTC,2017-08-27T00:00:00Z,4387.46125
BTC,2017-08-28T00:00:00Z,4394.515
BTC,2017-08-29T00:00:00Z,4439.65874
BTC,2017-08-30T00:00:00Z,4648.13375
BTC,2017-08-31T00:00:00Z,4630.7275
BTC,2017-09-01T00:00:00Z,4764.8675
BTC,2017-09-02T00:00:00Z,4950.72375
BTC,2017-09-03T00:00:00Z,4643.975
BTC,2017-09-04T00:00:00Z,4631.695
BTC,2017-09-05T00:00:00Z,4319.72124
BTC,2017-09-06T00:00:00Z,4422.12125
BTC,2017-09-07T00:00:00Z,4626.72
BTC,2017-09-08T00:00:00Z,4638.0975
BTC,2017-09-09T00:00:00Z,4317.5375
BTC,2017-09-10T00:00:00Z,4291.88
BTC,2017-09-11T00:00:00Z,4191.175
BTC,2017-09-12T00:00:00Z,4188.845
BTC,2017-09-13T00:00:00Z,4148.2675
BTC,2017-09-14T00:00:00Z,3874.25875
BTC,2017-09-15T00:00:00Z,3226.4125
BTC,2017-09-16T00:00:00Z,3686.9
BTC,2017-09-17T00:00:00Z,3678.7375
BTC,2017-09-18T00:00:00Z,3672.56625
BTC,2017-09-19T00:00:00Z,4067.0775
BTC,2017-09-20T00:00:00Z,3896.99875
BTC,2017-09-21T00:00:00Z,3858.08875
BTC,2017-09-22T00:00:00Z,3612.68125
BTC,2017-09-23T00:00:00Z,3603.30875
BTC,2017-09-24T00:00:00Z,3777.29375
BTC,2017-09-25T00:00:00Z,3662.12
BTC,2017-09-26T00:00:00Z,3927.49875
BTC,2017-09-27T00:00:00Z,3895.5125
BTC,2017-09-28T00:00:00Z,4208.56125
BTC,2017-09-29T00:00:00Z,4185.29249
BTC,2017-09-30T00:00:00Z,4164.10375
BTC,2017-10-01T00:00:00Z,4353.04749
BTC,2017-10-02T00:00:00Z,4394.63875
BTC,2017-10-03T00:00:00Z,4404.0975
BTC,2017-10-04T00:00:00Z,4320.09
BTC,2017-10-05T00:00:00Z,4225.92375
BTC,2017-10-06T00:00:00Z,4322.755
BTC,2017-10-07T00:00:00Z,4370.245
BTC,2017-10-08T00:00:00Z,4437.03374
BTC,2017-10-09T00:00:00Z,4596.96249
BTC,2017-10-10T00:00:00Z,4772.975
BTC,2017-10-11T00:00:00Z,4754.69874
BTC,2017-10-12T00:00:00Z,4830.76624
BTC,2017-10-13T00:00:00Z,5439.13375
BTC,2017-10-14T00:00:00Z,5640.1275
BTC,2017-10-15T00:00:00Z,5809.69375
BTC,2017-10-16T00:00:00Z,5699.00125
BTC,2017-10-17T00:00:00Z,5754.22125
BTC,2017-10-18T00:00:00Z,5595.235
BTC,2017-10-19T00:00:00Z,5572.19875
BTC,2017-10-20T00:00:00Z,5699.58375
BTC,2017-10-21T00:00:00Z,5984.08625
BTC,2017-10-22T00:00:00Z,6013.22875
BTC,2017-10-23T00:00:00Z,5984.95625
BTC,2017-10-24T00:00:00Z,5895.29875
BTC,2017-10-25T00:00:00Z,5518.85
BTC,2017-10-26T00:00:00Z,5733.90375
BTC,2017-10-27T00:00:00Z,5888.145
BTC,2017-10-28T00:00:00Z,5767.68
BTC,2017-10-29T00:00:00Z,5732.825
BTC,2017-10-30T00:00:00Z,6140.53125
BTC,2017-10-31T00:00:00Z,6121.8
BTC,2017-11-01T00:00:00Z,6447.6675
BTC,2017-11-02T00:00:00Z,6750.1725
BTC,2017-11-03T00:00:00Z,7030.0025
BTC,2017-11-04T00:00:00Z,7161.45125
BTC,2017-11-05T00:00:00Z,7386.99875
BTC,2017-11-06T00:00:00Z,7346.63
BTC,2017-11-07T00:00:00Z,6981.09375
BTC,2017-11-08T00:00:00Z,7077.3225
BTC,2017-11-09T00:00:00Z,7400.26375
BTC,2017-11-10T00:00:00Z,7118.03125
BTC,2017-11-11T00:00:00Z,6701.73125
BTC,2017-11-12T00:00:00Z,6318.31375
BTC,2017-11-13T00:00:00Z,5674.905
BTC,2017-11-14T00:00:00Z,6448.225
BTC,2017-11-15T00:00:00Z,6572.4725
BTC,2017-11-16T00:00:00Z,7251.52
BTC,2017-11-17T00:00:00Z,7791.20875
BTC,2017-11-18T00:00:00Z,7763.91125
BTC,2017-11-19T00:00:00Z,7823.73125
BTC,2017-11-20T00:00:00Z,8022.5225
BTC,2017-11-21T00:00:00Z,8259.65375
BTC,2017-11-22T00:00:00Z,7982.88
BTC,2017-11-23T00:00:00Z,8261.34
BTC,2017-11-24T00:00:00Z,8129.81875
BTC,2017-11-25T00:00:00Z,8257.09499
BTC,2017-11-26T00:00:00Z,8694.205
BTC,2017-11-27T00:00:00Z,9347.2425
BTC,2017-11-28T00:00:00Z,9657.62624
BTC,2017-11-29T00:00:00Z,9930.27375
BTC,2017-11-30T00:00:00Z,9993.20125
BTC,2017-12-01T00:00:00Z,9810.775
BTC,2017-12-02T00:00:00Z,10823.42125
BTC,2017-12-03T00:00:00Z,10955.3425
BTC,2017-12-04T00:00:00Z,11086.325
BTC,2017-12-05T00:00:00Z,11484.5
BTC,2017-12-06T00:00:00Z,11735.4225
BTC,2017-12-07T00:00:00Z,13805.77125
BTC,2017-12-08T00:00:00Z,16605.33
BTC,2017-12-09T00:00:00Z,15915.755
BTC,2017-12-10T00:00:00Z,14860.1375
BTC,2017-12-11T00:00:00Z,14605.91
BTC,2017-12-12T00:00:00Z,16930.13499
BTC,2017-12-13T00:00:00Z,17381.77375
BTC,2017-12-14T00:00:00Z,16504.56125
BTC,2017-12-15T00:00:00Z,16510.6825
BTC,2017-12-16T00:00:00Z,17587.78
BTC,2017-12-17T00:00:00Z,19385.64125
BTC,2017-12-18T00:00:00Z,19395.83875
BTC,2017-12-19T00:00:00Z,18770.94374
BTC,2017-12-20T00:00:00Z,17228.925
BTC,2017-12-21T00:00:00Z,16297.66625
BTC,2017-12-22T00:00:00Z,15594.70833
BTC,2017-12-23T00:00:00Z,14976.25625
BTC,2017-12-24T00:00:00Z,15008.0575
BTC,2017-12-25T00:00:00Z,13668.2875
BTC,2017-12-26T00:00:00Z,13806.2175
BTC,2017-12-27T00:00:00Z,15719.89125
BTC,2017-12-28T00:00:00Z,15279.98125
BTC,2017-12-29T00:00:00Z,14062.87375
BTC,2017-12-30T00:00:00Z,14514.78625
BTC,2017-12-31T00:00:00Z,12933.305
BTC,2018-01-01T00:00:00Z,13907.92375
BTC,2018-01-02T00:00:00Z,13494.44375
BTC,2018-01-03T00:00:00Z,14843.80625
BTC,2018-01-04T00:00:00Z,14848.8475
BTC,2018-01-05T00:00:00Z,15038.535
BTC,2018-01-06T00:00:00Z,16948.3125
BTC,2018-01-07T00:00:00Z,17071.78749
BTC,2018-01-08T00:00:00Z,16426.82624
BTC,2018-01-09T00:00:00Z,14693
BTC,2018-01-10T00:00:00Z,14420.79625
BTC,2018-01-11T00:00:00Z,14486.28
BTC,2018-01-12T00:00:00Z,13105.57375
BTC,2018-01-13T00:00:00Z,13639.22875
BTC,2018-01-14T00:00:00Z,14315.75
BTC,2018-01-15T00:00:00Z,13572.29875
BTC,2018-01-16T00:00:00Z,13801.02
BTC,2018-01-17T00:00:00Z,11123.385
BTC,2018-01-18T00:00:00Z,11114.36625
BTC,2018-01-19T00:00:00Z,11286.085
BTC,2018-01-20T00:00:00Z,11256.76125
BTC,2018-01-21T00:00:00Z,12844.775
BTC,2018-01-22T00:00:00Z,11208.6625
BTC,2018-01-23T00:00:00Z,10669.06875
BTC,2018-01-24T00:00:00Z,11046.01375
BTC,2018-01-25T00:00:00Z,11103.4075
BTC,2018-01-26T00:00:00Z,11158.7025
BTC,2018-01-27T00:00:00Z,10796.50875
BTC,2018-01-28T00:00:00Z,11454.07625
BTC,2018-01-29T00:00:00Z,11698.10375
BTC,2018-01-30T00:00:00Z,11062.7975
BTC,2018-01-31T00:00:00Z,10169.21375
BTC,2018-02-01T00:00:00Z,10071.42499
BTC,2018-02-02T00:00:00Z,8973.79375
BTC,2018-02-03T00:00:00Z,8769.26125
BTC,2018-02-04T00:00:00Z,9102.72374
BTC,2018-02-05T00:00:00Z,8407.37999
BTC,2018-02-06T00:00:00Z,6806.325
BTC,2018-02-07T00:00:00Z,7642.68125
BTC,2018-02-08T00:00:00Z,7853.09375
BTC,2018-02-09T00:00:00Z,8218.3925
BTC,2018-02-10T00:00:00Z,8585.24
BTC,2018-02-11T00:00:00Z,8573.20999
BTC,2018-02-12T00:00:00Z,8305.45624
BTC,2018-02-13T00:00:00Z,8888.23749
BTC,2018-02-14T00:00:00Z,8551.49875
BTC,2018-02-15T00:00:00Z,9439.715
BTC,2018-02-16T00:00:00Z,10089.47875
BTC,2018-02-17T00:00:00Z,10207.475
BTC,2018-02-18T00:00:00Z,10949.375
BTC,2018-02-19T00:00:00Z,10587.0875
BTC,2018-02-20T00:00:00Z,11074.605
BTC,2018-02-21T00:00:00Z,11368.9925
BTC,2018-02-22T00:00:00Z,10450.33875
BTC,2018-02-23T00:00:00Z,9959.69875
BTC,2018-02-24T00:00:00Z,10146.28249
BTC,2018-02-25T00:00:00Z,9612.44
BTC,2018-02-26T00:00:00Z,9666.23749
BTC,2018-02-27T00:00:00Z,10352.97374
BTC,2018-02-28T00:00:00Z,10725.48375
BTC,2018-03-01T00:00:00Z,10417.72625
BTC,2018-03-02T00:00:00Z,10966.85875
BTC,2018-03-03T00:00:00Z,11102.44
BTC,2018-03-04T00:00:00Z,11387.2925
BTC,2018-03-05T00:00:00Z,11387.33125
BTC,2018-03-06T00:00:00Z,11555.69875
BTC,2018-03-07T00:00:00Z,10764.38
BTC,2018-03-08T00:00:00Z,9937.4325
BTC,2018-03-09T00:00:00Z,9266.12
BTC,2018-03-10T00:00:00Z,9231.05374
BTC,2018-03-11T00:00:00Z,8848.03624
BTC,2018-03-12T00:00:00Z,9532.74124
BTC,2018-03-13T00:00:00Z,9118.27125
BTC,2018-03-14T00:00:00Z,9144.14749
BTC,2018-03-15T00:00:00Z,8196.89749
BTC,2018-03-16T00:00:00Z,8256.99375
BTC,2018-03-17T00:00:00Z,8269.3275
BTC,2018-03-18T00:00:00Z,7862.10875
BTC,2018-03-19T00:00:00Z,8196.02249
BTC,2018-03-20T00:00:00Z,8594.19125
BTC,2018-03-21T00:00:00Z,8915.90375
BTC,2018-03-22T00:00:00Z,8895.4
BTC,2018-03-23T00:00:00Z,8712.89125
BTC,2018-03-24T00:00:00Z,8918.74375
BTC,2018-03-25T00:00:00Z,8535.89374
BTC,2018-03-26T00:00:00Z,8449.83499
BTC,2018-03-27T00:00:00Z,8138.33625
BTC,2018-03-28T00:00:00Z,7790.1575
BTC,2018-03-29T00:00:00Z,7937.205
BTC,2018-03-30T00:00:00Z,7086.4875
BTC,2018-03-31T00:00:00Z,6844.32125
BTC,2018-04-01T00:00:00Z,6926.0175
BTC,2018-04-02T00:00:00Z,6816.74
BTC,2018-04-03T00:00:00Z,7049.79375
BTC,2018-04-04T00:00:00Z,7417.8875
BTC,2018-04-05T00:00:00Z,6789.30125
BTC,2018-04-06T00:00:00Z,6774.75125
BTC,2018-04-07T00:00:00Z,6620.40875
BTC,2018-04-08T00:00:00Z,6896.28125
BTC,2018-04-09T00:00:00Z,7022.70875
BTC,2018-04-10T00:00:00Z,6773.93875
BTC,2018-04-11T00:00:00Z,6830.90375
BTC,2018-04-12T00:00:00Z,6939.55
BTC,2018-04-13T00:00:00Z,7916.3725
BTC,2018-04-14T00:00:00Z,7889.23125
BTC,2018-04-15T00:00:00Z,8003.68125
BTC,2018-04-16T00:00:00Z,8357.0375
BTC,2018-04-17T00:00:00Z,8051.345
BTC,2018-04-18T00:00:00Z,7890.15
BTC,2018-04-19T00:00:00Z,8163.69
BTC,2018-04-20T00:00:00Z,8273.74124
BTC,2018-04-21T00:00:00Z,8863.5025
BTC,2018-04-22T00:00:00Z,8917.59625
BTC,2018-04-23T00:00:00Z,8792.83
BTC,2018-04-24T00:00:00Z,8938.30374
BTC,2018-04-25T00:00:00Z,9652.15625
BTC,2018-04-26T00:00:00Z,8864.0875
BTC,2018-04-27T00:00:00Z,9278.9975
BTC,2018-04-28T00:00:00Z,8920.86666
BTC,2018-04-29T00:00:00Z,9342.47125
BTC,2018-04-30T00:00:00Z,9392.03125
BTC,2018-05-01T00:00:00Z,9244.3225
BTC,2018-05-02T00:00:00Z,9067.715
BTC,2018-05-03T00:00:00Z,9219.86375
BTC,2018-05-04T00:00:00Z,9734.67499
BTC,2018-05-05T00:00:00Z,9692.7175
BTC,2018-05-06T00:00:00Z,9826.5975
BTC,2018-05-07T00:00:00Z,9619.14374
BTC,2018-05-08T00:00:00Z,9362.53375
BTC,2018-05-09T00:00:00Z,9180.15875
BTC,2018-05-10T00:00:00Z,9306
BTC,2018-05-11T00:00:00Z,9014.615
BTC,2018-05-12T00:00:00Z,8406.17499
BTC,2018-05-13T00:00:00Z,8467.65625
BTC,2018-05-14T00:00:00Z,8688.02875
BTC,2018-05-15T00:00:00Z,8675.20624
BTC,2018-05-16T00:00:00Z,8474.23875
BTC,2018-05-17T00:00:00Z,8340.29875
BTC,2018-05-18T00:00:00Z,8058.60375
BTC,2018-05-19T00:00:00Z,8240.725
BTC,2018-05-20T00:00:00Z,8234.1525
BTC,2018-05-21T00:00:00Z,8520.8125
BTC,2018-05-22T00:00:00Z,8395.2325
BTC,2018-05-23T00:00:00Z,7983.5175
BTC,2018-05-24T00:00:00Z,7502.55875
BTC,2018-05-25T00:00:00Z,7578.69125
BTC,2018-05-26T00:00:00Z,7460.69375
BTC,2018-05-27T00:00:00Z,7334.16375
BTC,2018-05-28T00:00:00Z,7344.9675
BTC,2018-05-29T00:00:00Z,7105.6725
BTC,2018-05-30T00:00:00Z,7460.58375
BTC,2018-05-31T00:00:00Z,7375.67
BTC,2018-06-01T00:00:00Z,7487.1875
BTC,2018-06-02T00:00:00Z,7518.245
BTC,2018-06-03T00:00:00Z,7636.19375
BTC,2018-06-04T00:00:00Z,7711.365
BTC,2018-06-05T00:00:00Z,7490.59
BTC,2018-06-06T00:00:00Z,7616.89125
BTC,2018-06-07T00:00:00Z,7655.97875
BTC,2018-06-08T00:00:00Z,7688.00375
BTC,2018-06-09T00:00:00Z,7616.1025
BTC,2018-06-10T00:00:00Z,7497.34375
BTC,2018-06-11T00:00:00Z,6765.80125
BTC,2018-06-12T00:00:00Z,6877.1825
BTC,2018-06-13T00:00:00Z,6548.33
BTC,2018-06-14T00:00:00Z,6299.5225
BTC,2018-06-15T00:00:00Z,6637.73875
BTC,2018-06-16T00:00:00Z,6389.87
BTC,2018-06-17T00:00:00Z,6485.86875
BTC,2018-06-18T00:00:00Z,6443.6725
BTC,2018-06-19T00:00:00Z,6709.48
BTC,2018-06-20T00:00:00Z,6737.41375
BTC,2018-06-21T00:00:00Z,6758.37875
BTC,2018-06-22T00:00:00Z,6717.2025
BTC,2018-06-23T00:00:00Z,6053.89625
BTC,2018-06-24T00:00:00Z,6170.56
BTC,2018-06-25T00:00:00Z,6150.18875
BTC,2018-06-26T00:00:00Z,6247.4675
BTC,2018-06-27T00:00:00Z,6074.9175
BTC,2018-06-28T00:00:00Z,6132.5625
BTC,2018-06-29T00:00:00Z,5848.26375
BTC,2018-06-30T00:00:00Z,6203.90125
BTC,2018-07-01T00:00:00Z,6387.30625
BTC,2018-07-02T00:00:00Z,6347.85875
BTC,2018-07-03T00:00:00Z,6613.27
BTC,2018-07-04T00:00:00Z,6504.92625
BTC,2018-07-05T00:00:00Z,6584.76625
BTC,2018-07-06T00:00:00Z,6531.2
BTC,2018-07-07T00:00:00Z,6600.98625
BTC,2018-07-08T00:00:00Z,6755.56125
BTC,2018-07-09T00:00:00Z,6704.1825
BTC,2018-07-10T00:00:00Z,6664.20625
BTC,2018-07-11T00:00:00Z,6302.49
BTC,2018-07-12T00:00:00Z,6381.8725
BTC,2018-07-13T00:00:00Z,6244.786536
BTC,2018-07-15T00:00:00Z,6253.628695
BTC,2018-07-16T00:00:00Z,6355.493533
BTC,2018-07-17T00:00:00Z,6720.665206
BTC,2018-07-18T00:00:00Z,7313.6932
BTC,2018-07-19T00:00:00Z,7369.919531
BTC,2018-07-20T00:00:00Z,7471.084287
BTC,2018-07-21T00:00:00Z,7337.622589
BTC,2018-07-22T00:00:00Z,7399.627548
BTC,2018-07-23T00:00:00Z,7400.464661
BTC,2018-07-24T00:00:00Z,7721.939481
BTC,2018-07-25T00:00:00Z,8402.835041
BTC,2018-07-26T00:00:00Z,8175.218632
BTC,2018-07-27T00:00:00Z,7933.125251
BTC,2018-07-28T00:00:00Z,8184.134275
BTC,2018-07-29T00:00:00Z,8228.600109
BTC,2018-07-30T00:00:00Z,8215.215993
BTC,2018-07-31T00:00:00Z,8173.961808
BTC,2018-08-01T00:00:00Z,7732.347291
BTC,2018-08-02T00:00:00Z,7599.719712
BTC,2018-08-03T00:00:00Z,7527.040399
BTC,2018-08-04T00:00:00Z,7417.696546
BTC,2018-08-05T00:00:01Z,7395.622456
BTC,2018-08-06T00:00:00Z,7411.537604
BTC,2018-08-07T00:00:00Z,7402.788687
BTC,2018-08-08T00:00:00Z,6721.43509
BTC,2018-08-09T00:00:00Z,6460.572895
BTC,2018-08-10T00:00:00Z,6479.448902
BTC,2018-08-11T00:00:00Z,6145.965312
BTC,2018-08-12T00:00:00Z,6223.424594
BTC,2018-08-13T00:00:00Z,6305.92516
BTC,2018-08-14T00:00:00Z,6249.89022
BTC,2018-08-15T00:00:00Z,6186.971207
BTC,2018-08-16T00:00:00Z,6266.704155
BTC,2018-08-17T00:00:00Z,6316.084523
BTC,2018-08-18T00:00:00Z,6582.51729
BTC,2018-08-19T00:00:00Z,6391.086269
BTC,2018-08-20T00:00:00Z,6477.564583
BTC,2018-08-21T00:00:00Z,6256.476566
BTC,2018-08-22T00:00:00Z,6480.164089
BTC,2018-08-23T00:00:00Z,6360.216985
BTC,2018-08-24T00:00:00Z,6525.526663
BTC,2018-08-25T00:00:00Z,6683.66633
BTC,2018-08-26T00:00:00Z,6733.726421
BTC,2018-08-27T00:00:00Z,6702.39195
BTC,2018-08-28T00:00:00Z,6909.059845
BTC,2018-08-29T00:00:00Z,7079.540613
BTC,2018-08-30T00:00:00Z,7033.937515
BTC,2018-08-31T00:00:00Z,6984.463549
BTC,2018-09-01T00:00:00Z,7012.338561
BTC,2018-09-02T00:00:00Z,7200.105018
BTC,2018-09-03T00:00:00Z,7302.968656
BTC,2018-09-04T00:00:00Z,7263.067297
BTC,2018-09-05T00:00:00Z,7360.238655
BTC,2018-09-06T00:00:00Z,6699.213514
BTC,2018-09-07T00:00:00Z,6515.393697
BTC,2018-09-08T00:00:00Z,6399.60282
BTC,2018-09-09T00:00:00Z,6183.97778
BTC,2018-09-10T00:00:00Z,6249.076236
BTC,2018-09-11T00:00:00Z,6275.698598
BTC,2018-09-12T00:00:00Z,6275.203936
BTC,2018-09-13T00:00:00Z,6277.232888
BTC,2018-09-14T00:00:00Z,6283.462724
BTC,2018-09-15T00:00:00Z,6284.486393
BTC,2018-09-16T00:00:00Z,6280.041314
BTC,2018-09-17T00:00:00Z,6281.645284
BTC,2018-09-18T00:00:00Z,6273.336846
BTC,2018-09-19T00:00:00Z,6277.484108
BTC,2018-09-20T00:00:00Z,6282.620258
BTC,2018-09-21T00:00:00Z,6283.165503
BTC,2018-09-22T00:00:00Z,6318.960631
BTC,2018-09-23T00:00:00Z,6296.724519
BTC,2018-09-24T00:00:00Z,6289.277415
BTC,2018-09-25T00:00:00Z,6583.026935
BTC,2018-09-26T00:00:00Z,6444.781133
BTC,2018-09-27T00:00:00Z,6464.949181
BTC,2018-09-28T00:00:00Z,6688.283788
BTC,2018-09-29T00:00:00Z,6637.873674
BTC,2018-09-30T00:00:00Z,6598.925493
BTC,2018-10-01T00:00:00Z,6625.698875
BTC,2018-10-02T00:00:00Z,6608.57298
BTC,2018-10-03T00:00:00Z,6532.685943
BTC,2018-10-04T00:00:00Z,6506.592213
BTC,2018-10-05T00:00:00Z,6594.356161
BTC,2018-10-06T00:00:00Z,6634.134241
BTC,2018-10-07T00:00:00Z,6597.984474
BTC,2018-10-08T00:00:00Z,6614.103706
BTC,2018-10-09T00:00:00Z,6665.443406
BTC,2018-10-10T00:00:00Z,6653.377817
BTC,2018-10-11T00:00:00Z,6628.470053
BTC,2018-10-12T00:00:00Z,6253.463591
BTC,2018-10-13T00:00:00Z,6295.985865
BTC,2018-10-14T00:00:00Z,6329.97705
BTC,2018-10-15T00:00:00Z,6341.380722
BTC,2018-10-16T00:00:00Z,6752.374062
BTC,2018-10-17T00:00:00Z,6760.230858
BTC,2018-10-18T00:00:00Z,6450.064663
BTC,2018-10-19T00:00:00Z,6383.752052
BTC,2018-10-20T00:00:00Z,6360.845111
BTC,2018-10-21T00:00:00Z,6403.141091
BTC,2018-10-22T00:00:00Z,6420.633694
BTC,2018-10-23T00:00:00Z,6405.565597
BTC,2018-10-24T00:00:00Z,6402.02255
BTC,2018-10-25T00:00:00Z,6412.566717
BTC,2018-10-26T00:00:00Z,6380.149222
BTC,2018-10-27T00:00:00Z,6399.089895
BTC,2018-10-28T00:00:00Z,6441.739065
BTC,2018-10-29T00:00:00Z,6428.595691
BTC,2018-10-30T00:00:00Z,6260.99889
BTC,2018-10-31T00:00:00Z,6289.369929
BTC,2018-11-01T00:00:00Z,6319.060915
BTC,2018-11-02T00:00:00Z,6351.187435
BTC,2018-11-03T00:00:00Z,6360.719811
BTC,2018-11-04T00:00:00Z,6348.20033
BTC,2018-11-05T00:00:00Z,6426.716488
BTC,2018-11-06T00:00:00Z,6404.357877
BTC,2018-11-07T00:00:00Z,6456.116441
BTC,2018-11-08T00:00:00Z,6518.336229
BTC,2018-11-09T00:00:00Z,6411.443335
BTC,2018-11-10T00:00:00Z,6338.753466
BTC,2018-11-11T00:00:00Z,6360.005435
BTC,2018-11-12T00:00:00Z,6370.423836
BTC,2018-11-13T00:00:00Z,6321.564292
BTC,2018-11-14T00:00:00Z,6258.927307
BTC,2018-11-15T00:00:00Z,5618.784237
BTC,2018-11-16T00:00:00Z,5573.000707
BTC,2018-11-17T00:00:00Z,5513.474393
BTC,2018-11-18T00:00:00Z,5515.167198
BTC,2018-11-19T00:00:00Z,5577.059323
BTC,2018-11-20T00:00:00Z,4740.851546
BTC,2018-11-21T00:00:00Z,4365.348259
BTC,2018-11-22T00:00:00Z,4536.720209
BTC,2018-11-23T00:00:00Z,4272.414282
BTC,2018-11-24T00:00:00Z,4287.810262
BTC,2018-11-25T00:00:00Z,3788.289842
BTC,2018-11-26T00:00:00Z,3927.974929
BTC,2018-11-27T00:00:00Z,3716.671906
BTC,2018-11-28T00:00:00Z,3766.988732
BTC,2018-11-29T00:00:00Z,4220.326178
BTC,2018-11-30T00:00:00Z,4241.74401
BTC,2018-12-01T00:00:00Z,3979.075001
BTC,2018-12-02T00:00:00Z,4138.491205
BTC,2018-12-03T00:00:00Z,4092.845069
BTC,2018-12-04T00:00:00Z,3839.510616
BTC,2018-12-05T00:00:00Z,3901.225279
BTC,2018-12-06T00:00:00Z,3696.353027
BTC,2018-12-07T00:00:00Z,3436.497578
BTC,2018-12-08T00:00:00Z,3376.023059
BTC,2018-12-09T00:00:00Z,3397.030198
BTC,2018-12-10T00:00:00Z,3528.129529
BTC,2018-12-11T00:00:00Z,3409.163116
BTC,2018-12-12T00:00:00Z,3345.315764
BTC,2018-12-13T00:00:00Z,3427.049915
BTC,2018-12-14T00:00:00Z,3261.712707
BTC,2018-12-15T00:00:00Z,3192.769838
BTC,2018-12-16T00:00:00Z,3178.42401
BTC,2018-12-17T00:00:00Z,3199.166541
BTC,2018-12-18T00:00:00Z,3495.012388
BTC,2018-12-19T00:00:00Z,3664.677573
BTC,2018-12-20T00:00:00Z,3684.243812
BTC,2018-12-21T00:00:00Z,4076.711546
BTC,2018-12-22T00:00:00Z,3838.241506
BTC,2018-12-23T00:00:00Z,3980.363583
BTC,2018-12-24T00:00:00Z,3942.735256
BTC,2018-12-25T00:00:00Z,4030.003278
BTC,2018-12-26T00:00:00Z,3778.2499
BTC,2018-12-27T00:00:00Z,3809.295425
BTC,2018-12-28T00:00:00Z,3587.622019
BTC,2018-12-29T00:00:00Z,3884.54722
BTC,2018-12-30T00:00:00Z,3827.54722
BTC,2018-12-31T00:00:00Z,3684.54722
BTC,2019-01-01T00:00:00Z,3693.322867
BTC,2019-01-02T00:00:00Z,3816.36357
BTC,2019-01-03T00:00:00Z,3886.052018
BTC,2019-01-04T00:00:00Z,3781.020707
BTC,2019-01-05T00:00:00Z,3818.15219
BTC,2019-01-06T00:00:00Z,3797.034097
BTC,2019-01-07T00:00:00Z,4032.465979
